id,name,linkedin_url,website,industry,employee_count,country,city,founded_year,company_age,gtm_score,gtm_band,demand_score,conversion_score,delivery_score,DEM-ICP-01,DEM-FIT-02,DEM-MSG-03,DEM-CHN-04,DEM-ATT-05,DEM-CNT-06,CON-SLA-01,CON-QLF-02,CON-STG-03,CON-OBJ-04,CON-WNL-05,CON-PGE-06,DEL-TTV-01,DEL-ONB-02,DEL-HLT-03,DEL-RET-04,DEL-QBR-05,DEL-ADV-06,follower_count,followers_per_employee,speciality_count,description_length,is_verified,has_tagline,has_website,page_verified
82138326,"Example B2B SaaS Marketing Recruitment | Specialists in SaaS - Product, Demand & Growth Hiring",https://www.linkedin.com/company/example-digital/,https://theexample.co.uk,Staffing and Recruiting,4.0,GB,London,2022.0,4.0,29.5,Foundations,37.1,23.5,26.5,3,1,3,2,1,1,1,2,1,1,1,1,2,1,1,1,1,2,1154,288.5,5,971,0,1,1,False
100839856,B2B Rizz | ABM + LinkedIn Ads for B2B SaaS,https://www.linkedin.com/company/b2b-rizz/,https://b2brizz.com/,Advertising Services,5.0,US,New York City,2023.0,3.0,25.2,Foundations,33.0,20.0,20.0,2,1,2,2,1,2,1,1,1,1,1,1,1,1,1,1,1,1,456,91.2,3,72,0,1,1,False
98926171,B2B SaaS Partners Limited,https://www.linkedin.com/company/b2bsaaspartners/,https://www.b2bsaaspartners.com,Embedded Software Products,0.0,GB,London,2022.0,4.0,28.0,Foundations,30.4,29.6,20.0,2,2,2,1,1,1,1,2,1,1,1,3,1,1,1,1,1,1,7,inf,0,62,0,1,1,False
11149855,SaaS Partners,https://www.linkedin.com/company/saaspartnersfr/,https://www.saaspartners.fr,Venture Capital and Private Equity Principals,9.0,FR,Paris,2016.0,10.0,28.0,Foundations,33.0,26.9,20.0,2,1,2,2,1,2,1,2,2,1,1,1,1,1,1,1,1,1,844,93.8,7,582,0,1,1,False
79097173,SaaS Growth Strategies,https://www.linkedin.com/company/saasgrowthstrategies/,https://saas-growth-strategies.beehiiv.com/,Software Development,2.0,US,San Francisco,2023.0,3.0,25.9,Foundations,33.0,20.0,23.5,2,1,2,2,1,2,1,1,1,1,1,1,1,1,2,1,1,1,1572,786.0,3,139,0,1,1,False
18863312,Rock The Rankings - The B2B SaaS SEO & GEO Agency,https://www.linkedin.com/company/rock-the-rankings/,https://www.rocktherankings.com,"Technology, Information and Internet",6.0,US,Charlotte,2020.0,6.0,35.2,Foundations,43.3,33.3,22.9,3,1,4,2,1,2,1,2,2,2,2,1,1,1,1,1,1,2,1938,323.0,6,744,0,1,1,False
89534218,SaaS Weekly,https://www.linkedin.com/company/saas-weekly/,https://getsaasweekly.com/,"Technology, Information and Media",2.0,US,Seattle,2019.0,7.0,28.0,Foundations,33.0,26.9,20.0,2,1,2,2,1,2,1,2,2,1,1,1,1,1,1,1,1,1,729,364.5,2,141,0,1,1,False
110225116,WhaleClicks B2B & SaaS Lead Generation Agency,https://www.linkedin.com/company/whaleclicks-com/,https://whaleclicks.com/,Marketing Services,1.0,US,Concord,2023.0,3.0,41.4,Process & Response,56.8,33.1,27.0,3,1,3,4,4,2,1,1,4,1,1,2,1,2,1,2,1,1,8,8.0,8,594,0,1,1,False
112078961,LinkQuro - B2B SaaS Link Building,https://www.linkedin.com/company/linkquro-b2b-saas-link-building/,https://www.linkquro.com,Advertising Services,3.0,US,Orlando,2025.0,1.0,33.5,Foundations,43.5,30.2,20.0,3,1,3,2,2,2,1,2,2,1,2,1,1,1,1,1,1,1,69,23.0,1,1178,0,1,1,False
93836778,SaaS AI,https://www.linkedin.com/company/saas-ai/,https://saasgrowth.ai,Internet Publishing,6.0,US,San Francisco,2023.0,3.0,26.8,Foundations,30.1,23.4,26.8,2,1,2,2,1,1,1,1,1,1,2,1,1,2,2,1,1,1,531,88.5,8,305,0,1,1,False
71652599,DRMG | Category Strategy for B2B SaaS,https://www.linkedin.com/company/drmg-saas-brand-strategy/,http://www.drmg.co,Business Consulting and Services,2.0,US,Salt Lake City,,,29.2,Foundations,33.0,26.9,26.4,2,1,2,2,1,2,1,2,1,1,2,1,1,2,1,1,2,1,271,135.5,7,470,0,1,1,False
100542669,B2B PodPros - B2B Podcast Ads,https://www.linkedin.com/company/b2b-podpros/,https://www.b2bpodpros.com/,Advertising Services,0.0,US,Houston,2023.0,3.0,29.9,Foundations,43.0,20.0,23.3,2,2,3,3,1,2,1,1,1,1,1,1,1,2,1,1,1,1,266,inf,12,630,0,1,1,False
105589280,SPK MKTG | B2B & SaaS Growth,https://www.linkedin.com/company/spk-mktg/,https://spkmktg.com/guides,Business Consulting and Services,0.0,US,Newport Beach,,,34.9,Foundations,44.2,26.4,33.0,3,2,4,1,2,1,1,1,1,2,2,1,1,1,2,2,2,2,1,inf,0,1899,0,1,1,False
30587071,Copynoise [B2B SaaS Copywriting],https://www.linkedin.com/company/copynoise/,http://copynoise.com,Writing and Editing,0.0,US,Bend,2019.0,7.0,30.7,Foundations,40.0,26.9,20.0,2,2,2,2,2,2,1,2,2,1,1,1,1,1,1,1,1,1,31,inf,9,106,0,1,1,False
101383001,B2B Lanes,https://www.linkedin.com/company/b2b-lanes/,https://b2blanes.com/,"Technology, Information and Internet",12.0,US,Minneapolis,,,44.6,Process & Response,60.6,37.6,26.8,3,2,5,4,3,1,3,2,3,1,1,1,1,2,2,1,1,1,803,66.9,16,1956,0,1,1,False
3035225,Yellow O | Outbound Sales Consulting for B2B SaaS,https://www.linkedin.com/company/yellow-o-outbound-sales/,https://yellowo.co.uk,Business Consulting and Services,1.0,GB,London,2012.0,14.0,44.6,Process & Response,46.4,50.1,29.8,3,2,3,2,1,3,2,4,3,4,1,1,2,2,1,1,1,2,96,96.0,9,1295,0,1,1,False
65644084,AD4 - Marketing for B2B SaaS Startups,https://www.linkedin.com/company/ad4-marketing-agency-for-early-stage-startups/,http://www.ameyadeshmukh.com,Advertising Services,0.0,US,San Francisco,,,40.8,Process & Response,56.2,32.5,26.4,3,2,3,4,2,3,1,1,2,1,1,4,1,2,1,1,2,1,23,inf,10,1472,0,1,1,False
91134360,SaaS Sprints,https://www.linkedin.com/company/saas-sprints/,https://www.saas-sprints.com,Business Consulting and Services,0.0,US,Remote ,2023.0,3.0,30.8,Foundations,43.6,20.0,26.5,3,3,2,2,1,2,1,1,1,1,1,1,2,1,1,1,1,2,359,inf,0,667,0,1,1,False
93223980,Lollipop - Pop your B2B SaaS,https://www.linkedin.com/company/lollipop1/,http://www.lollipop.one,Marketing Services,0.0,US,New York City,2021.0,5.0,29.6,Foundations,30.4,26.9,33.5,2,2,2,1,1,1,1,2,2,1,1,1,2,2,1,2,1,2,31,inf,0,411,0,1,1,False
85647809,Otter  |  LinkedIn ads for B2B SaaS,https://www.linkedin.com/company/otterad/,https://www.otterad.com/,Marketing Services,2.0,GB,London,2022.0,4.0,30.1,Foundations,36.4,27.2,23.3,2,1,3,2,1,2,2,2,1,1,1,1,1,2,1,1,1,1,120,60.0,9,870,0,1,1,False
40709695,B2B Digital Services,https://www.linkedin.com/company/b2bdigitalservices/,https://b2bdigital-services.com,Marketing Services,2.0,US,Vero Beach,2017.0,9.0,33.8,Foundations,39.4,33.3,23.5,2,1,2,4,1,2,1,2,2,1,2,2,1,1,2,1,1,1,480,240.0,26,180,0,1,1,False
68739212,B2B Software Advisors,https://www.linkedin.com/company/b2b-software-advisors/,http://www.b2bsoftwareadvisors.com,Financial Services,1.0,US,San Francisco,2020.0,6.0,28.0,Foundations,30.3,26.9,25.9,2,1,3,1,1,1,1,2,2,1,1,1,1,1,1,1,2,2,80,80.0,0,634,0,1,1,False
10941043,"B2B SaaS Growth, LLC.",https://www.linkedin.com/company/stealthpdx/,http://b2bsaasgrowth.com,"Technology, Information and Internet",0.0,US,Portland,,,26.8,Foundations,33.6,20.0,26.8,2,2,2,2,1,1,1,1,1,1,1,1,1,2,2,1,1,1,111,inf,5,219,0,0,1,False
90823413,"GrowthHackers | The Growth Partner to B2B SaaS Companies, Tech Startups and eCommerce Stores",https://www.linkedin.com/company/growthhackers-agency/,https://www.growth-hackers.net/contact/,Advertising Services,1.0,US,San Francisco,2016.0,10.0,40.7,Process & Response,49.1,39.4,26.5,2,1,3,4,2,3,1,2,2,1,2,4,2,1,1,1,1,2,360,360.0,15,2000,0,1,1,False
19058684,SaaS Sales Trainer,https://www.linkedin.com/company/saassalestrainer/,http://www.saassalestrainer.net,Consumer Services,0.0,US,Lehi,2018.0,8.0,28.9,Foundations,33.6,26.9,23.3,2,2,2,2,1,1,1,2,2,1,1,1,1,2,1,1,1,1,72,inf,4,302,0,1,1,False
103055794,Gravett West Consulting: Empowering Mid-Size B2B SaaS Growth,https://www.linkedin.com/company/gravett-west-consulting/,https://calendly.com/caragravett/30min,"Technology, Information and Internet",1.0,US,Seattle,2024.0,2.0,32.4,Foundations,33.5,36.0,23.0,2,1,3,2,1,1,1,2,1,3,2,2,1,1,1,1,2,1,15,15.0,6,713,0,1,1,False
16223578,Trigr Innovation | Product Formation & Transformation | B2B + SaaS + Data + AI,https://www.linkedin.com/company/trigr-innovation/,,Business Consulting and Services,0.0,US,Winston-Salem,2017.0,9.0,29.4,Foundations,33.6,26.9,25.9,2,2,2,2,1,1,1,2,2,1,1,1,1,1,1,1,2,2,15,inf,9,601,0,1,0,False
108329146,The Go To Market Handbook For B2B SaaS Leaders,https://www.linkedin.com/company/the-go-to-market-handbook-for-b2b-saas-leaders/,"https://www.amazon.co.uk/MARKET-HANDBOOK-B2B-SaaS-LEADERS/dp/B0CJ45462M/ref=sr_1_1?crid=29FTPHMD8DC8A&dib=eyJ2IjoiMSJ9.PGDm4NGXEnmenkWXQuf1zg.hifg7ceoboaKWO9Jgws34U1-qqySejV4MkCOEDoL1no&dib_tag=se&keywords=the+go+to+market+handbook+for+b2b+saas+leaders&qid=1755544919&sprefix=the+go+to+market+handbook,aps,97&sr=8-1&ufe=app_do:amzn1.fos.95fd378e-6299-4723-b1f1-3952ffba15af",Book and Periodical Publishing,2.0,GB,London,,,24.1,Foundations,30.3,20.0,20.0,2,1,3,1,1,1,1,1,1,1,1,1,1,1,1,1,1,1,126,63.0,0,1850,0,1,1,False
98926512,NewOwl AI,https://www.linkedin.com/company/newowlai/,https://www.newowl.co/,Software Development,5.0,US,Denver,2023.0,3.0,38.5,Foundations,46.2,36.6,26.8,1,2,2,4,3,2,1,2,1,1,4,2,1,2,2,1,1,1,26509,5301.8,17,570,0,1,1,False
71468947,Johnathan Kimbrough Consulting LLC,https://www.linkedin.com/company/johnathankimbroughconsulting/,https://www.amazon.com/shop/resilient_808,Executive Offices,20.0,US,Silver Creek,2020.0,6.0,39.1,Foundations,46.2,36.6,30.0,2,2,3,4,1,2,1,2,2,2,3,1,2,2,1,1,2,1,62101,3105.0,23,1894,0,1,1,False
77618852,Feedcoyote,https://www.linkedin.com/company/feedcoyote/,https://feedcoyote.com,Software Development,15.0,US,United States,2022.0,4.0,33.8,Foundations,42.8,30.2,22.9,1,2,2,4,2,2,1,2,2,1,2,1,1,1,1,1,1,2,15937,1062.5,22,727,0,1,1,False
130757,Naviga Recruiting & Executive Search,https://www.linkedin.com/company/naviga-business-services/,https://www.navigarecruiting.com,Staffing and Recruiting,19.0,US,Tampa,2002.0,24.0,33.3,Foundations,39.7,30.2,26.7,2,1,2,3,2,2,1,2,2,1,2,1,2,1,1,1,2,1,14625,769.7,15,556,1,1,1,True
101631657,Truxt.ai,https://www.linkedin.com/company/truxt-ai/,https://www.truxt.ai,Research Services,9.0,US,Ridgefield Park,2023.0,3.0,28.0,Foundations,36.5,23.4,20.0,2,2,2,2,1,2,1,1,1,1,2,1,1,1,1,1,1,1,15016,1668.4,5,190,0,1,1,False
14541604,Talentnauts,https://www.linkedin.com/company/talentnautshq/,https://talentnauts.com,Staffing and Recruiting,13.0,US,Lewes,2017.0,9.0,35.6,Foundations,43.5,33.7,23.3,3,2,3,2,1,2,1,3,2,1,2,1,1,2,1,1,1,1,37334,2871.8,14,1286,0,1,1,False
71978502,TalentBox Labs Inc,https://www.linkedin.com/company/talentbox-labs/,http://www.talentbox.ai,"Technology, Information and Internet",3.0,US,.,2019.0,7.0,30.7,Foundations,36.5,30.2,20.0,2,2,2,2,1,2,1,2,2,1,2,1,1,1,1,1,1,1,20986,6995.3,4,147,0,1,1,False
5255934,Formative Search Partners,https://www.linkedin.com/company/closeriq/,https://www.formativesp.com/,Executive Search Services,11.0,US,New York City,2014.0,12.0,36.7,Foundations,46.7,30.2,29.8,3,2,3,3,1,2,1,2,2,1,2,1,1,2,2,1,2,1,14781,1343.7,15,332,0,1,1,False
54322801,Vouris,https://www.linkedin.com/company/vouris/,http://www.vouris.com,Strategic Management Services,9.0,US,Pleasanton,2020.0,6.0,37.2,Foundations,39.7,40.0,26.8,2,2,2,3,1,2,1,2,4,1,2,2,1,2,2,1,1,1,14777,1641.9,9,201,0,1,1,False
35436677,Growth.Lat – Multilingual Content Agency for Scaling Businesses,https://www.linkedin.com/company/growthlat/,https://growth.lat/,Advertising Services,8.0,US,Sheridan,2013.0,13.0,34.4,Foundations,45.8,30.2,20.0,2,2,2,4,1,3,1,2,2,1,2,1,1,1,1,1,1,1,15143,1892.9,15,426,0,1,1,False
3148596,Rocket Fuel Labs,https://www.linkedin.com/company/rocket-fuel-labs/,http://rocketfuellabs.com,Advertising Services,15.0,US,Austin,2020.0,6.0,34.7,Foundations,40.0,36.6,20.0,2,2,2,2,2,2,1,2,2,1,3,2,1,1,1,1,1,1,13518,901.2,4,354,0,1,1,False
18256671,Sfeer℠,https://www.linkedin.com/company/sfeerplatform/,http://sfeer.tech,International Trade and Development,10.0,US,Lewes,2022.0,4.0,33.3,Foundations,42.8,30.5,20.0,2,2,3,2,1,3,2,2,1,1,2,1,1,1,1,1,1,1,10171,1017.1,8,1942,0,1,1,False
106232548,Bamboo X,https://www.linkedin.com/company/bamboo-x/,bamboo-x.com,Staffing and Recruiting,6.0,US,New York City,2013.0,13.0,38.4,Foundations,46.4,36.6,25.9,3,2,3,2,1,3,1,2,2,2,3,1,1,1,1,1,2,2,18123,3020.5,0,1838,0,1,1,False
94859017,InsureSense™,https://www.linkedin.com/company/insuresense/,https://insure-sense.com/,Insurance,8.0,US,New York City,2024.0,2.0,41.3,Process & Response,56.7,33.4,26.4,3,2,4,4,2,2,2,1,1,1,3,2,1,2,1,1,2,1,9392,1174.0,20,1474,0,1,1,False
101419503,LatamCent,https://www.linkedin.com/company/latamcent/,https://latamcent.com/,Staffing and Recruiting,20.0,US,Miami,2023.0,3.0,30.7,Foundations,43.3,23.4,20.0,2,2,3,2,2,2,1,1,1,1,2,1,1,1,1,1,1,1,21264,1063.2,13,372,1,1,1,True
81944115,Urrly,https://www.linkedin.com/company/urrly/,www.urrly.com,Executive Search Services,12.0,US,Phoenix,2022.0,4.0,31.8,Foundations,39.6,26.9,25.9,2,1,3,3,1,2,1,2,1,1,2,1,1,1,1,1,2,2,9503,791.9,21,689,0,1,1,False
227942,Aldebaran Recruiting,https://www.linkedin.com/company/aldebaranrecruiting/,https://aldebaranrecruiting.com,Staffing and Recruiting,19.0,US,San Diego,2001.0,25.0,31.8,Foundations,36.4,30.2,25.9,2,1,3,2,1,2,1,2,2,1,2,1,1,1,1,1,2,2,8064,424.4,14,971,0,1,1,False
14418325,Revvsales Inc. (Acquired by LegalZoom),https://www.linkedin.com/company/revv-so/,https://www.revv.so/,Software Development,12.0,US,Menlo Park,2018.0,8.0,33.6,Foundations,32.9,41.1,20.0,1,2,2,2,1,2,3,3,2,1,2,1,1,1,1,1,1,1,7845,653.8,5,542,0,1,1,False
18395717,MEDDIC Academy,https://www.linkedin.com/school/meddic-academy/,https://meddic.academy,E-Learning Providers,7.0,US,Los Angeles,2017.0,9.0,43.4,Process & Response,56.1,39.4,26.2,2,2,3,4,3,3,1,2,2,4,2,1,1,2,1,1,1,2,12618,1802.6,15,1371,1,1,1,True
33285908,Kronoscope (formerly Fountain9 - Acquired by Rappi),https://www.linkedin.com/company/fountain9/,https://www.fountain9.com,Software Development,4.0,US,San Francisco,2020.0,6.0,32.5,Foundations,32.9,36.6,23.5,1,2,2,2,1,2,1,2,2,1,3,2,1,1,2,1,1,1,7551,1887.8,7,825,0,1,1,False
9250227,PS27 Ventures,https://www.linkedin.com/company/ps27-ventures/,http://www.PS27ventures.com,Venture Capital and Private Equity Principals,13.0,US,Jacksonville,2013.0,13.0,30.6,Foundations,36.2,30.2,20.0,2,1,2,3,1,2,1,2,2,1,2,1,1,1,1,1,1,1,8587,660.5,17,136,0,1,1,False
112348617,THJ Martin LLC: Fractional Content for B2B SaaS,https://www.linkedin.com/company/thjmartin/,https://thjmartin.wixsite.com/website?utm_source=linkedin&utm_medium=social,Marketing Services,0.0,GB,London,,,31.1,Foundations,39.9,26.4,22.9,2,2,3,2,1,2,1,1,2,2,1,1,1,1,1,1,1,2,1,inf,0,767,0,1,1,False
96038454,WeLaunch,https://www.linkedin.com/company/welaunchai/,https://welaunch.ai/,Business Consulting and Services,18.0,US,New York City,2022.0,4.0,34.8,Foundations,45.1,30.2,23.3,2,1,3,2,1,5,1,2,2,1,2,1,1,2,1,1,1,1,14075,781.9,0,1044,0,1,1,False
16260111,TheAmazingRecruiter.com,https://www.linkedin.com/company/theamazingrecruiter.com/,http://theamazingrecruiter.com,Staffing and Recruiting,5.0,US,Boston,2015.0,11.0,33.9,Foundations,42.9,30.2,23.0,2,2,2,4,1,2,1,2,2,1,2,1,1,1,1,1,2,1,6683,1336.6,16,668,0,1,1,False
30210515,Ofspace – Product Design Agency for Startups,https://www.linkedin.com/company/ofspace-digital-agency/,https://ofspace.co,Design Services,20.0,US,New York City,2019.0,7.0,31.8,Foundations,36.2,33.3,20.0,2,1,2,3,1,2,1,2,2,1,2,2,1,1,1,1,1,1,5881,294.0,21,758,0,1,1,False
11787307,Dalos,https://www.linkedin.com/company/dalosapp/,https://dalos.co,Software Development,13.0,US,Novi,2020.0,6.0,35.1,Foundations,29.7,37.6,40.8,1,1,2,3,1,1,3,2,2,1,2,1,1,2,2,4,2,1,1304,100.3,17,810,0,1,1,False
19186649,Careful Security,https://www.linkedin.com/company/carefulsecurity/,https://www.carefulsecurity.com,Computer and Network Security,8.0,US,Burbank,2020.0,6.0,49.0,Process & Response,60.1,43.8,37.1,3,2,4,4,3,2,2,3,2,2,3,1,3,2,2,1,2,1,10046,1255.8,22,1555,1,1,1,True
18334322,Matter Made,https://www.linkedin.com/company/matter-madeco/,http://www.mattermade.co,Marketing Services,14.0,US,Denver,2016.0,10.0,39.9,Foundations,53.2,33.3,26.5,2,1,3,4,4,2,1,2,2,1,2,2,1,1,1,2,1,2,5423,387.4,20,703,0,1,1,False
79707020,Upthrust Inc.,https://www.linkedin.com/company/upthrust-inc/,https://upthrust.io/,Advertising Services,15.0,US,Austin,2021.0,5.0,30.8,Foundations,36.7,30.2,20.0,2,2,3,1,1,2,1,2,2,1,2,1,1,1,1,1,1,1,11533,768.9,0,490,0,1,1,False
67963289,Camber Partners,https://www.linkedin.com/company/camberpartners/,http://www.camber.io,Venture Capital and Private Equity Principals,20.0,US,New York City,,,34.2,Foundations,43.5,26.7,30.5,3,1,3,2,2,2,1,1,2,1,2,1,1,2,2,2,1,1,9099,455.0,0,948,0,1,1,False
103199234,1bee,https://www.linkedin.com/company/1beeai/,https://1bee.ai,"Technology, Information and Internet",3.0,US,Palo Alto,2024.0,2.0,27.9,Foundations,32.9,26.9,20.0,1,2,2,2,1,2,1,2,1,1,2,1,1,1,1,1,1,1,5962,1987.3,11,878,0,1,1,False
13301853,CustomerSuccessBox,https://www.linkedin.com/company/customersuccessbox/,https://customersuccessbox.com/,Software Development,3.0,US,San Francisco,2018.0,8.0,43.3,Process & Response,49.4,30.2,57.4,2,2,3,3,2,3,1,2,2,1,2,1,1,3,5,4,2,2,5359,1786.3,17,1405,0,1,1,False
12819520,[i-SmokeStack] - A Startup,https://www.linkedin.com/company/smokestackgeeks/,https://www.i-smokestack.com,"Technology, Information and Internet",19.0,US,Located,2019.0,7.0,34.6,Foundations,46.4,30.2,20.0,3,1,3,4,1,2,1,2,3,1,1,1,1,1,1,1,1,1,2598,136.7,22,1547,0,1,1,False
5166154,Rubicon Venture Capital,https://www.linkedin.com/company/rubicon-venture-capital/,http://www.rubicon.vc,Venture Capital and Private Equity Principals,10.0,US,New York City,2013.0,13.0,33.3,Foundations,40.1,30.2,25.9,3,2,2,2,1,2,1,2,2,1,2,1,1,1,1,1,2,2,8896,889.6,5,1911,0,0,1,False
6432327,Accelity,https://www.linkedin.com/company/accelitymarketing/,https://accelitymarketing.com/,Marketing Services,19.0,US,Milwaukee,2013.0,13.0,34.4,Foundations,39.6,33.3,26.4,2,1,3,3,1,2,1,2,2,1,2,2,1,1,2,1,1,2,6146,323.5,15,782,0,1,1,False
14484917,SOUKMEDIA,https://www.linkedin.com/company/soukmediaconsulting/,http://www.soukmedia.co,Marketing Services,19.0,US,Wilmington,2018.0,8.0,38.3,Foundations,49.0,33.6,26.4,2,1,4,4,1,3,1,2,3,1,2,1,1,1,2,1,1,2,6307,331.9,20,1585,0,1,1,False
24993091,Brian Martin UX Consulting,https://www.linkedin.com/company/brian-martin-ux-consulting/,https://brianmartinux.com,Business Consulting and Services,5.0,US,Denver,2021.0,5.0,32.0,Foundations,39.7,30.2,20.0,2,2,2,3,1,2,1,2,2,1,2,1,1,1,1,1,1,1,6302,1260.4,20,253,0,1,1,False
40914392,June.so,https://www.linkedin.com/company/juneso/,https://june.so,"Technology, Information and Internet",14.0,US,San Francisco,2021.0,5.0,30.7,Foundations,36.5,30.2,20.0,2,1,2,2,2,2,1,2,2,1,2,1,1,1,1,1,1,1,8745,624.6,0,207,0,1,1,False
18762883,AudiencePlus (acquired by TechnologyAdvice),https://www.linkedin.com/company/audienceplus/,https://solutions.technologyadvice.com/press/technologyadvice-acquires-the-juice/,"Technology, Information and Internet",4.0,US,Indianapolis,2022.0,4.0,33.1,Foundations,42.6,30.2,20.0,2,2,2,3,1,3,1,2,2,1,2,1,1,1,1,1,1,1,5216,1304.0,11,220,0,1,1,False
6632775,Wildcat Venture Partners,https://www.linkedin.com/company/wildcat-venture-partners/,http://www.wildcat.vc,Venture Capital and Private Equity Principals,10.0,US,San Mateo,2015.0,11.0,33.4,Foundations,43.2,30.2,20.0,3,1,3,3,1,2,1,2,2,1,2,1,1,1,1,1,1,1,5535,553.5,16,729,0,1,1,False
26485928,Geeks Of The Valley,https://www.linkedin.com/company/geeks-of-the-valley/,http://geeksofthevalley.com,Venture Capital and Private Equity Principals,1.0,US,Valley,2019.0,7.0,34.4,Foundations,45.8,30.2,20.0,2,2,2,4,1,3,1,2,2,1,2,1,1,1,1,1,1,1,4231,4231.0,23,770,0,1,1,False
3571291,FluoroFinder,https://www.linkedin.com/company/fluorofinder-com/,http://www.fluorofinder.com,Biotechnology Research,18.0,US,Broomfield,2008.0,18.0,28.8,Foundations,30.1,30.2,23.3,2,1,2,2,1,1,1,2,2,1,2,1,1,2,1,1,1,1,4979,276.6,13,731,0,1,1,False
94202072,Knoll Performance Marketing,https://www.linkedin.com/company/knoll-performance-marketing/,www.catherineknoll.com,Marketing Services,0.0,US,Memphis,,,43.2,Process & Response,57.2,32.5,36.7,3,2,4,2,4,2,1,1,1,2,2,3,2,1,2,2,2,2,2782,inf,5,1088,0,1,1,False
101197651,Growwr AI,https://www.linkedin.com/company/growwr/,www.growwr.co,Software Development,4.0,US,San Francisco,2024.0,2.0,30.7,Foundations,39.9,23.4,27.1,1,2,2,2,3,2,1,1,1,1,2,1,2,1,2,1,1,1,4874,1218.5,10,487,0,1,1,False
9214449,Blackbird Ventures,https://www.linkedin.com/company/blackbirdventures/,https://www.blackbirdventures.com,Venture Capital and Private Equity Principals,7.0,US,,2013.0,13.0,28.6,Foundations,29.7,30.2,22.9,2,1,1,2,1,2,1,2,2,1,2,1,1,1,1,1,1,2,4710,672.9,4,447,0,0,1,False
67232168,ZapScale,https://www.linkedin.com/company/zapscale/,https://zapscale.com/,Software Development,13.0,US,Delaware,2021.0,5.0,37.6,Foundations,33.0,33.6,54.5,2,1,2,2,1,2,1,2,2,1,3,1,1,3,5,4,2,1,5143,395.6,13,138,0,1,1,False
3163100,Pooki's Mahi®,https://www.linkedin.com/company/pookismahi/,https://pookismahi.com,Software Development,6.0,US,San Francisco,,,27.8,Foundations,36.2,23.4,20.0,1,2,3,2,1,2,1,1,1,1,2,1,1,1,1,1,1,1,4877,812.8,12,1080,0,1,1,False
433779,Playboox,https://www.linkedin.com/company/playboox/,http://www.playboox.com,Business Consulting and Services,6.0,US,San Francisco,,,40.0,Process & Response,46.8,39.7,26.8,3,1,4,2,2,2,1,2,4,3,1,1,1,2,2,1,1,1,1652,275.3,5,1999,0,1,1,False
788397,Just Digital - SaaS Recruitment | Executive Search,https://www.linkedin.com/company/just-digital/,http://www.justdigitallondon.co.uk,Staffing and Recruiting,5.0,GB,London,2009.0,17.0,37.3,Foundations,43.2,33.6,32.7,2,2,4,2,1,2,1,2,2,1,3,1,1,2,2,1,2,2,12926,2585.2,12,1634,0,1,1,False
68044475,RESEAT,https://www.linkedin.com/company/reseatid/,https://www.reseat.com,"Technology, Information and Internet",12.0,US,San José,2020.0,6.0,31.5,Foundations,29.4,37.6,23.6,1,1,2,2,1,2,3,2,2,1,2,1,1,1,1,2,1,1,5144,428.7,14,599,0,1,1,False
90505274,Auro Digital Inc,https://www.linkedin.com/company/auro-digital-inc/,https://aurodigital.ai/,Desktop Computing Software Products,19.0,US,Miami,,,27.1,Foundations,33.0,23.4,22.9,2,1,2,2,1,2,1,1,1,1,2,1,1,1,1,1,1,2,4719,248.4,12,590,0,1,1,False
100582894,We're Not Marketers 💀,https://www.linkedin.com/company/we-re-not-marketers/,www.notmarketers.com,Entertainment Providers,7.0,US,Spicy Town,2023.0,3.0,31.7,Foundations,42.3,26.9,20.0,2,2,2,2,1,4,1,2,1,1,2,1,1,1,1,1,1,1,4580,654.3,5,488,0,1,1,False
3024122,Bay Leaf Digital,https://www.linkedin.com/company/bay-leaf-digital/,https://www.bayleafdigital.com,Advertising Services,19.0,US,Grapevine,2013.0,13.0,48.4,Process & Response,65.7,40.0,30.9,3,2,4,5,2,4,1,2,4,1,2,2,1,1,1,4,1,1,4530,238.4,21,2000,0,1,1,False
10882608,Ecobot,https://www.linkedin.com/company/ecobot/,http://ecobot.com,Software Development,19.0,US,Asheville,2018.0,8.0,35.5,Foundations,39.4,37.6,23.3,2,1,2,4,1,2,3,2,2,1,2,1,1,2,1,1,1,1,4554,239.7,17,346,0,1,1,False
96421796,SyncIQ.ai,https://www.linkedin.com/company/synciq-ai/,https://www.synciq.ai,Software Development,10.0,US,San Francisco,2024.0,2.0,29.9,Foundations,36.2,26.9,23.5,1,1,3,2,2,2,1,2,1,1,2,1,1,1,2,1,1,1,4618,461.8,8,1421,0,1,1,False
1000215,"Planet Cents, Inc.",https://www.linkedin.com/company/planet-cents/,http://www.PlanetCents.us,Environmental Services,5.0,US,Clearlake,2021.0,5.0,41.6,Process & Response,53.9,36.6,27.1,4,2,4,2,2,2,1,2,2,1,3,2,1,1,2,2,1,1,4028,805.6,5,1731,0,1,1,False
42468326,Elevate Demand,https://www.linkedin.com/company/elevate-demand/,https://www.elevatedemand.com/start-here/,Advertising Services,5.0,US,Dallas,2020.0,6.0,38.4,Foundations,46.5,39.4,20.0,2,2,3,3,2,2,1,2,2,1,2,4,1,1,1,1,1,1,4503,900.6,11,1318,0,1,1,False
9426479,ComplianceHR,https://www.linkedin.com/company/compliancehr/,http://www.compliancehr.com,"Technology, Information and Internet",16.0,US,New York City,2015.0,11.0,30.5,Foundations,32.6,30.2,26.7,1,1,2,3,1,2,1,2,2,1,2,1,1,3,1,1,1,1,4353,272.1,15,739,0,1,1,False
14069581,ABR Talent l Customer Success Recruitment for Start-up & Scale-up SaaS businesses,https://www.linkedin.com/company/abr-talent/,http://www.abrtalent.co.uk,Staffing and Recruiting,11.0,GB,Whiteley,,,29.3,Foundations,36.5,23.4,26.8,2,2,2,2,1,2,1,1,1,1,2,1,1,2,2,1,1,1,36312,3301.1,6,400,0,1,1,False
3834403,Grammatik Agency - B2B marketing and communications,https://www.linkedin.com/company/grammatik-agency/,http://www.grammatikagency.com,Advertising Services,6.0,GB,London,2014.0,12.0,33.9,Foundations,42.8,30.2,23.6,2,2,3,2,1,3,1,2,2,1,2,1,1,1,1,2,1,1,10489,1748.2,9,1349,0,1,1,False
92558570,Grovio AI,https://www.linkedin.com/company/grovioai/,https://www.grovio.ai/,"Technology, Information and Internet",11.0,US,San Francisco,2025.0,1.0,25.1,Foundations,29.4,23.4,20.0,1,1,2,2,1,2,1,1,1,1,2,1,1,1,1,1,1,1,4472,406.5,8,145,0,1,1,False
71287238,Bento Engine,https://www.linkedin.com/company/bentoengine/,https://www.bentoengine.com/,Software Development,10.0,US,Westport,2021.0,5.0,31.9,Foundations,39.4,30.2,20.0,1,1,3,3,2,2,1,2,2,1,2,1,1,1,1,1,1,1,4400,440.0,18,794,0,1,1,False
19175456,SecurityAdvisor (Acquired by Knowbe4),https://www.linkedin.com/company/securityadvisor/,https://www.securityadvisor.io/,Computer and Network Security,2.0,US,Clearwater,2018.0,8.0,35.4,Foundations,40.0,36.9,23.3,2,2,2,2,2,2,2,2,2,2,2,1,1,2,1,1,1,1,4201,2100.5,12,414,0,1,1,False
67699144,PayNation®,https://www.linkedin.com/company/paynationus/,http://www.paynation.us,Financial Services,8.0,US,Irvine,2018.0,8.0,28.0,Foundations,33.0,26.9,20.0,2,1,2,2,1,2,1,2,2,1,1,1,1,1,1,1,1,1,2578,322.2,11,1024,0,1,1,False
102327858,Startupr,https://www.linkedin.com/company/startuprxyz/,startupr.xyz,"Technology, Information and Internet",11.0,US,Orange,2024.0,2.0,43.1,Process & Response,53.2,39.5,30.0,2,3,3,4,2,2,1,1,4,2,2,2,1,1,2,2,1,2,4162,378.4,15,946,0,1,1,False
35622442,LaborIQ,https://www.linkedin.com/company/laboriq/,https://LaborIQ.co/,Software Development,19.0,US,Dallas,2018.0,8.0,32.8,Foundations,32.6,37.6,23.6,1,1,2,3,1,2,3,2,2,1,2,1,1,1,1,2,1,1,4104,216.0,25,503,0,1,1,False
3190725,Enlimited - The B2B Growth Marketing Agency,https://www.linkedin.com/company/enlimited/,https://enlimited.io/,Marketing Services,10.0,US,Houston,2013.0,13.0,49.0,Process & Response,66.8,45.8,20.0,4,2,5,5,2,2,1,2,4,2,1,4,1,1,1,1,1,1,1969,196.9,15,1471,0,1,1,False
27120701,Scenic West Design,https://www.linkedin.com/company/scenic-west/,http://www.scenicwest.co,IT Services and IT Consulting,3.0,US,Nashville,2016.0,10.0,37.0,Foundations,43.3,36.0,26.2,3,2,2,3,1,2,1,2,2,1,1,4,1,2,1,1,1,2,3807,1269.0,22,589,0,1,1,False
2289939,Revel Partners,https://www.linkedin.com/company/revel-partners/,http://www.revel.vc,Venture Capital and Private Equity Principals,8.0,US,New York City,2011.0,15.0,30.0,Foundations,36.7,26.9,22.9,3,1,2,2,1,2,1,2,2,1,1,1,1,1,1,1,1,2,3974,496.8,7,509,0,1,1,False
74923702,Pod,https://www.linkedin.com/company/pod-workspace/,https://www.workwithpod.com,Software Development,20.0,US,San Francisco,2022.0,4.0,27.8,Foundations,29.4,26.9,26.5,1,1,2,2,1,2,1,2,1,1,2,1,1,1,2,1,2,1,4052,202.6,10,517,0,1,1,False
69496014,UpdateAI,https://www.linkedin.com/company/update-ai/,http://www.update.ai,"Technology, Information and Internet",8.0,US,Los Angeles,2020.0,6.0,27.9,Foundations,29.4,26.9,26.8,1,1,2,2,1,2,1,2,2,1,1,1,1,2,2,1,1,1,3873,484.1,11,126,0,1,1,False
64736490,Kindred | Marketing Recruitment Specialists,https://www.linkedin.com/company/kindred-marketing-recruitment-specialist-london/,http://www.Kindredrecruitment.com,Staffing and Recruiting,1.0,GB,London,2019.0,7.0,38.3,Foundations,52.2,33.6,20.0,2,2,2,4,2,4,1,2,2,1,3,1,1,1,1,1,1,1,27846,27846.0,23,1103,0,1,1,False
106761384,Retail Sparks,https://www.linkedin.com/company/retailsparks/,www.retailsparks.com,Marketing Services,4.0,US,Miami,2000.0,26.0,38.7,Foundations,53.2,30.2,26.5,2,2,3,4,3,2,1,2,2,1,2,1,1,1,2,1,2,1,4273,1068.2,20,788,1,1,1,True
1318046,"Reuben Sinclair | Sales, Marketing, PR, Data and Digital Recruitment",https://www.linkedin.com/company/reuben-sinclair/,https://www.reuben-sinclair.com,Staffing and Recruiting,17.0,GB,London,2007.0,19.0,44.4,Process & Response,62.9,33.3,29.5,2,4,4,4,2,3,1,2,2,1,2,2,2,1,1,1,2,2,57372,3374.8,19,1656,1,1,1,True
3778411,Truss,https://www.linkedin.com/company/trusspayments/,http://trusspayments.com,Financial Services,16.0,US,San Francisco,2021.0,5.0,32.2,Foundations,36.2,34.2,20.0,2,1,2,3,1,2,3,2,2,1,1,1,1,1,1,1,1,1,3194,199.6,15,312,0,1,1,False
68580027,Along AI,https://www.linkedin.com/company/alongai/,https://www.alongagents.ai/context,Software Development,15.0,US,New York City,2026.0,0.0,25.9,Foundations,32.9,20.0,23.5,1,1,2,2,2,2,1,1,1,1,1,1,1,1,2,1,1,1,3629,241.9,12,191,1,1,1,True
100003577,inbybob_,https://www.linkedin.com/company/inbybob/,https://www.inbybob.com/,IT Services and IT Consulting,2.0,US,Sunnyvale,2023.0,3.0,33.3,Foundations,42.8,30.5,20.0,2,2,3,2,1,3,2,2,1,1,2,1,1,1,1,1,1,1,5045,2522.5,9,1793,0,1,1,False
89833013,Keyplay,https://www.linkedin.com/company/keyplay-io/,https://keyplay.io/,Software Development,6.0,US,Seattle,,,35.3,Foundations,43.3,33.3,23.5,2,2,3,2,2,2,1,2,2,1,2,2,1,1,2,1,1,1,6009,1001.5,6,602,0,1,1,False
38774411,PARTNERNOMICS®,https://www.linkedin.com/company/partnernomics/,https://partnernomics.com/,Software Development,5.0,US,Kansas City,2014.0,12.0,29.8,Foundations,32.8,26.9,29.7,1,1,3,2,1,2,1,2,2,1,1,1,1,3,1,1,2,1,3761,752.2,10,1056,0,1,1,False
27245221,Fintract Global,https://www.linkedin.com/company/fintract-global/,https://fintractglobal.com,Financial Services,6.0,GB,London,2021.0,5.0,38.2,Foundations,43.0,40.6,23.5,2,2,3,3,1,2,2,2,2,1,4,1,1,1,2,1,1,1,40981,6830.2,24,1891,0,1,1,False
10357203,SaaStock,https://www.linkedin.com/company/saastock/,https://www.saastock.com/,Events Services,20.0,GB,London,2016.0,10.0,31.4,Foundations,36.5,30.2,23.6,2,2,2,2,1,2,1,2,2,1,2,1,1,1,1,2,1,1,27594,1379.7,12,420,0,1,1,False
42415603,Cybernef Technologies,https://www.linkedin.com/company/cybernef-technologies/,https://cybernef.com/,Software Development,12.0,US,Laguna,2015.0,11.0,39.2,Foundations,49.6,36.6,23.5,2,1,4,4,2,2,1,2,3,1,2,2,1,1,2,1,1,1,3795,316.2,20,1826,0,1,1,False
3613537,JeffersonLocke,https://www.linkedin.com/company/jeffersonlocke/,http://jeffersonlocke.com,Business Consulting and Services,20.0,GB,London,2010.0,16.0,37.8,Foundations,46.5,33.3,29.4,2,2,3,3,2,2,1,2,2,2,2,1,1,1,2,1,2,2,22770,1138.5,20,1323,1,1,1,True
87221693,SuiteOp,https://www.linkedin.com/company/suite-op/,https://suiteop.com/,"Technology, Information and Internet",13.0,US,New York City,2023.0,3.0,31.5,Foundations,32.9,34.2,23.3,1,1,2,2,2,2,3,2,1,1,2,1,1,2,1,1,1,1,3620,278.5,7,1029,1,1,1,True
93152236,Terminal X,https://www.linkedin.com/company/terminalx-ai/,https://www.terminal-x.ai,Financial Services,12.0,US,New York City,2023.0,3.0,34.8,Foundations,39.6,34.2,26.4,2,1,3,3,1,2,3,2,2,1,1,1,1,1,2,1,1,2,2976,248.0,22,1125,0,1,1,False
81476590,CallBlitz,https://www.linkedin.com/company/callblitz/,https://callblitz.com/,Software Development,12.0,US,Remote,2022.0,4.0,37.8,Foundations,48.8,33.9,23.3,1,1,4,4,2,3,3,2,1,2,1,1,1,2,1,1,1,1,3151,262.6,19,1500,1,1,1,True
67158012,The Juice (acquired by TechnologyAdvice),https://www.linkedin.com/company/the-juice-hq/,https://solutions.technologyadvice.com/press/technologyadvice-acquires-the-juice/,Software Development,7.0,US,Indianapolis,2020.0,6.0,28.0,Foundations,33.0,26.9,20.0,2,1,2,2,1,2,1,2,2,1,1,1,1,1,1,1,1,1,3778,539.7,5,237,0,1,1,False
75465619,OneThirtyFive,https://www.linkedin.com/company/onethirtyfive/,https://onethirtyfive.com,Business Consulting and Services,19.0,US,Cleveland,2024.0,2.0,43.3,Process & Response,60.0,36.5,23.3,3,1,5,4,3,2,1,1,4,1,2,2,1,2,1,1,1,1,3136,165.1,20,1489,1,1,1,True
37899517,Pricing I/O,https://www.linkedin.com/company/pricingio/,http://www.pricingio.com,Business Consulting and Services,20.0,US,San Diego,2019.0,7.0,32.1,Foundations,36.2,30.5,27.0,2,1,2,3,1,2,2,2,2,1,1,1,1,2,1,2,1,1,3262,163.1,20,431,0,1,1,False
96583817,TrioSEO,https://www.linkedin.com/company/trioseo/,https://trioseo.com/,Marketing Services,19.0,US,Denver,2023.0,3.0,32.9,Foundations,42.3,29.9,20.0,2,2,2,2,1,4,1,2,1,1,2,2,1,1,1,1,1,1,4282,225.4,5,689,0,1,1,False
6418738,FeaturedCustomers,https://www.linkedin.com/company/featuredcustomers-com/,http://featuredcustomers.com/,IT Services and IT Consulting,4.0,US,Sunrise,2014.0,12.0,33.0,Foundations,36.5,29.9,32.1,2,2,2,2,1,2,1,2,2,2,1,1,1,1,2,1,1,4,3543,885.8,10,485,0,1,1,False
104772213,Lucidly,https://www.linkedin.com/company/lucidlyhq/,https://www.lucidlyhq.com,Software Development,0.0,US,San Francisco,2024.0,2.0,41.6,Process & Response,49.7,30.1,48.2,2,2,3,4,2,2,1,1,3,1,2,1,1,2,5,4,1,1,3338,inf,20,342,0,1,1,False
34682800,Pretiosum Ventures,https://www.linkedin.com/company/pretiosum-ventures/,http://pretiosum.vc,Venture Capital and Private Equity Principals,1.0,US,New York City,,,32.2,Foundations,47.1,23.4,20.0,4,2,3,2,1,2,1,1,2,1,1,1,1,1,1,1,1,1,2665,2665.0,6,383,0,1,1,False
96233508,Pack GTM | SaaS Sales Recruitment in Germany,https://www.linkedin.com/company/pack-gtm/,https://www.packgtm.com/,Staffing and Recruiting,7.0,DE,Berlin,2023.0,3.0,32.4,Foundations,43.0,23.4,29.2,2,2,3,3,1,2,1,1,1,1,2,1,1,2,1,1,2,2,6465,923.6,20,942,0,1,1,False
105234891,Gunpowder Innovations,https://www.linkedin.com/company/gunpowderinnovations/,https://www.gunpowderinnovations.com/,"Technology, Information and Internet",13.0,GB,London,2023.0,3.0,27.8,Foundations,36.1,23.4,20.0,1,2,2,3,1,2,1,1,1,1,2,1,1,1,1,1,1,1,13141,1010.8,18,214,0,1,1,False
98837239,Perceptis AI,https://www.linkedin.com/company/perceptis-ai/,https://perceptis.ai,"Technology, Information and Internet",15.0,US,Seattle,2024.0,2.0,30.6,Foundations,35.7,27.3,27.1,1,1,3,2,1,3,3,1,1,1,1,1,2,1,2,1,1,1,3218,214.5,13,1600,0,1,1,False
35649423,Ziplyne,https://www.linkedin.com/company/ziplyne/,https://www.ziplyne.com,"Technology, Information and Internet",17.0,US,New York City,2017.0,9.0,32.0,Foundations,36.5,30.2,26.7,2,2,2,2,1,2,1,2,2,1,2,1,1,3,1,1,1,1,3215,189.1,10,832,0,1,1,False
35936213,Scale Beyond Labs,https://www.linkedin.com/company/scalebeyondlabs/,https://www.bizconmedia.com,Marketing Services,3.0,GB,Barnsley,2026.0,0.0,38.1,Foundations,48.8,33.1,26.7,2,2,3,3,1,4,1,1,3,1,2,2,1,1,1,2,2,1,13634,4544.7,13,598,0,1,1,False
7602223,Avenue Talent Partners (ATP),https://www.linkedin.com/company/avenue-talentpartners/,http://www.avenuetalentpartners.com,Staffing and Recruiting,3.0,US,Grand Rapids,2015.0,11.0,35.3,Foundations,46.4,26.9,29.8,2,2,4,3,1,2,1,2,2,1,1,1,1,2,2,1,2,1,3245,1081.7,26,1893,0,1,1,False
29021419,Omedym,https://www.linkedin.com/company/omedym/,https://www.omedym.com/,Software Development,0.0,US,Liberty,,,40.6,Process & Response,49.7,33.6,36.4,1,3,2,4,3,2,1,2,3,1,2,1,1,4,2,1,1,2,2371,inf,15,1738,0,0,1,False
27137601,TendersGo® / Global Tenders and Bids Company,https://www.linkedin.com/company/tendersgo-global-tenders-and-bids-company/,https://www.app.tendersgo.com/,IT Services and IT Consulting,17.0,US,Casper,2016.0,10.0,34.8,Foundations,46.5,26.9,27.1,2,1,3,3,3,2,1,2,2,1,1,1,1,1,2,2,1,1,3200,188.2,23,1574,0,1,1,False
71193665,Jedar Capital,https://www.linkedin.com/company/jedar-capital/,http://www.jedarcapital.com,Venture Capital and Private Equity Principals,14.0,US,New York City,2021.0,5.0,29.5,Foundations,33.5,30.2,20.0,3,1,2,1,1,2,1,2,2,1,2,1,1,1,1,1,1,1,4439,317.1,0,340,0,1,1,False
28594303,Contnu.ai,https://www.linkedin.com/company/crankchart/,https://contnu.ai,IT Services and IT Consulting,1.0,US,New York City,2018.0,8.0,29.5,Foundations,33.6,30.2,20.0,2,1,2,2,2,1,1,2,2,1,2,1,1,1,1,1,1,1,149,149.0,10,250,0,1,1,False
86279778,Conektto,https://www.linkedin.com/company/conektto-inc/,http://www.conektto.io,"Technology, Information and Media",3.0,US,Pleasanton,2022.0,4.0,29.3,Foundations,39.7,23.5,20.0,2,2,2,3,1,2,1,2,1,1,1,1,1,1,1,1,1,1,3209,1069.7,17,286,0,1,1,False
105349893,The Prompting Company,https://www.linkedin.com/company/promptingcompany/,https://www.promptingcompany.com/,"Technology, Information and Internet",18.0,US,San Francisco,2025.0,1.0,25.2,Foundations,33.0,20.0,20.0,2,1,2,2,1,2,1,1,1,1,1,1,1,1,1,1,1,1,3172,176.2,4,42,0,1,1,False
3185179,Needl,https://www.linkedin.com/company/needlsearch/,http://www.needlsearch.io,Staffing and Recruiting,11.0,IE,Dublin,,,32.1,Foundations,47.0,23.4,20.0,3,2,3,2,2,2,1,1,1,1,2,1,1,1,1,1,1,1,48426,4402.4,10,779,1,1,1,True
75424795,Tekpon,https://www.linkedin.com/company/tekpon/,https://tekpon.com,"Technology, Information and Internet",11.0,US,Middletown,2021.0,5.0,39.2,Foundations,46.7,36.3,30.0,2,3,4,2,1,2,1,2,2,2,2,2,1,1,2,2,1,2,3016,274.2,13,1676,0,1,1,False
100534477,Targhee Security,https://www.linkedin.com/company/targhee-security/,https://www.targheesec.com,Computer and Network Security,4.0,US,San Francisco,2024.0,2.0,35.4,Foundations,43.5,33.6,22.9,3,2,3,2,1,2,2,2,1,2,2,1,1,1,1,1,1,2,4150,1037.5,10,916,0,1,1,False
105546757,Outbound System,https://www.linkedin.com/company/outboundsystem/,https://outboundsystem.com,Marketing Services,16.0,US,Los Angeles,2020.0,6.0,43.0,Process & Response,46.8,47.3,26.5,3,2,4,2,1,2,3,2,4,2,2,1,2,1,1,1,1,2,1500,93.8,0,1937,0,1,1,False
85998825,Zelta AI (acquired by Pendo),https://www.linkedin.com/company/zeltaai/,https://www.zelta.ai/,"Technology, Information and Internet",2.0,US,New York City,2022.0,4.0,28.1,Foundations,33.3,26.9,20.0,2,2,2,1,1,2,1,2,1,1,2,1,1,1,1,1,1,1,3685,1842.5,0,354,0,1,1,False
85394908,Blockrate,https://www.linkedin.com/company/blockrate/,http://www.blockrateconsulting.com,"Technology, Information and Internet",13.0,SG,Singapore,2019.0,7.0,36.0,Foundations,39.7,36.9,26.5,1,2,3,2,2,2,1,2,4,1,2,1,1,1,1,2,1,2,12512,962.5,9,1076,1,1,1,True
16223558,Speedwork -- LinkedIn Ads Agency,https://www.linkedin.com/company/speedwork/,https://speedworksocial.com/,Advertising Services,20.0,US,Austin,2016.0,10.0,46.5,Process & Response,63.2,43.1,20.0,4,1,4,4,3,3,1,2,4,2,2,2,1,1,1,1,1,1,11520,576.0,16,1648,1,1,1,True
18909706,Bizzit AI,https://www.linkedin.com/company/bizzit/,https://www.bizzit.ai/,Research Services,10.0,US,San Francisco,,,27.1,Foundations,35.9,20.0,23.5,2,1,2,2,1,3,1,1,1,1,1,1,1,1,2,1,1,1,3003,300.3,14,298,0,1,1,False
19057833,duo Strategy,https://www.linkedin.com/company/duo-strategy/,https://www.duostrategyla.com/,Advertising Services,5.0,US,Los Angeles,2019.0,7.0,34.2,Foundations,39.4,36.0,20.0,2,1,2,4,1,2,1,2,2,1,1,4,1,1,1,1,1,1,2684,536.8,15,837,0,1,1,False
18458297,Vertalo,https://www.linkedin.com/company/vertalo/,https://www.vertalo.com,Financial Services,11.0,US,Austin,2017.0,9.0,28.6,Foundations,33.0,26.9,23.3,2,1,2,2,1,2,1,2,2,1,1,1,1,2,1,1,1,1,3599,327.2,14,505,0,1,1,False
10937573,Ethos Software,https://www.linkedin.com/company/ethossoftwareco/,www.ethossoftware.com,"Technology, Information and Internet",16.0,US,Denver,2017.0,9.0,30.7,Foundations,39.9,26.9,20.0,2,2,3,2,1,2,1,2,2,1,1,1,1,1,1,1,1,1,3001,187.6,4,719,0,1,1,False
54319991,Freshflows,https://www.linkedin.com/company/freshflows/,https://www.freshflows.io/,Software Development,1.0,US,Des Moines,,,25.3,Foundations,33.3,20.0,20.0,2,2,2,1,1,2,1,1,1,1,1,1,1,1,1,1,1,1,3747,3747.0,0,208,0,1,1,False
106355925,Marketing XYZ,https://www.linkedin.com/company/marketing-xyz-co/,marketingxyz.co,Business Content,17.0,US,Miami,,,46.6,Process & Response,56.5,45.3,29.4,2,2,4,2,4,3,1,1,2,2,3,5,1,1,1,2,1,3,34116,2006.8,0,1210,1,1,1,True
15176713,Silent Sector,https://www.linkedin.com/company/silent-sector/,https://www.silentsector.com,Computer and Network Security,16.0,US,Scottsdale,2016.0,10.0,37.4,Foundations,50.0,30.4,26.4,3,2,4,3,1,2,1,3,2,1,1,1,1,2,1,1,2,1,673,42.1,21,1346,0,1,1,False
2593665,envivo.io,https://www.linkedin.com/company/envivo-select-gmbh/,https://www.envivo.io/,Software Development,9.0,DE,Markt Schwaben,2022.0,4.0,34.9,Foundations,45.4,30.2,23.5,1,1,4,4,1,3,1,2,2,1,2,1,1,1,2,1,1,1,4170,463.3,15,1226,0,1,1,False
37052306,Bordeaux & Burgundy,https://www.linkedin.com/company/bordeauxburgundy/,http://www.bordeauxandburgundy.co.uk,Marketing Services,19.0,GB,London,2022.0,4.0,31.9,Foundations,39.4,30.2,20.0,2,1,2,2,2,3,1,2,2,1,2,1,1,1,1,1,1,1,9592,504.8,11,298,1,1,1,True
33197515,Arka Venture Labs,https://www.linkedin.com/company/arka-venture-labs/,http://www.arka.vc,Venture Capital and Private Equity Principals,9.0,US,Menlo Park,2018.0,8.0,31.4,Foundations,40.0,26.9,23.3,3,1,3,2,1,2,1,2,2,1,1,1,1,2,1,1,1,1,2870,318.9,12,1253,0,1,1,False
82550719,Intertru Inc,https://www.linkedin.com/company/intertru-inc/,https://www.intertru.ai/,"Technology, Information and Internet",6.0,US,Newport Beach,2022.0,4.0,30.0,Foundations,32.8,30.5,23.5,1,1,3,2,1,2,2,2,1,1,2,1,1,1,2,1,1,1,2610,435.0,5,729,0,1,1,False
43273421,Totely India,https://www.linkedin.com/company/totely-india-pvt-ltd/,http://www.totely.net,IT Services and IT Consulting,8.0,US,San Francisco,2019.0,7.0,28.7,Foundations,29.9,30.2,23.5,2,1,2,1,1,2,1,2,2,1,2,1,1,1,2,1,1,1,3607,450.9,0,942,0,1,1,False
97443257,Grow AI Partners,https://www.linkedin.com/company/growaipartners/,https://growaipartners.com/,Business Consulting and Services,6.0,US,Meridian,2023.0,3.0,33.1,Foundations,42.8,29.9,20.0,2,2,3,2,1,3,1,2,2,1,1,2,1,1,1,1,1,1,3627,604.5,5,817,0,1,1,False
31249973,Cleanomatics,https://www.linkedin.com/company/cleanomatics/,https://www.cleanomatics.com/,IT Services and IT Consulting,17.0,IN,Gurgaon,2020.0,6.0,48.2,Process & Response,50.3,53.7,33.2,2,1,3,2,5,2,3,2,4,1,3,3,1,3,2,1,2,1,8180,481.2,13,1429,0,1,1,False
299613,Copeland Automotive Recruitment,https://www.linkedin.com/company/copeland-select/,http://www.copelandselect.co.uk,Staffing and Recruiting,2.0,GB,Oxfordshire,2009.0,17.0,33.2,Foundations,39.7,30.2,25.9,2,2,2,3,1,2,1,2,2,1,2,1,1,1,1,1,2,2,9992,4996.0,28,964,0,1,1,False
11750686,A-List Search,https://www.linkedin.com/company/a-list-search/,http://alistsearch.ai,Staffing and Recruiting,1.0,US,Miami,2003.0,23.0,31.5,Foundations,37.1,26.9,29.4,2,2,2,2,2,1,1,2,2,1,1,1,1,1,2,1,2,2,2727,2727.0,10,850,1,1,1,True
18146019,INLT,https://www.linkedin.com/company/inltinc/,http://www.inlt.com,"Transportation, Logistics, Supply Chain and Storage",6.0,US,Los Angeles,2016.0,10.0,28.1,Foundations,33.3,26.9,20.0,2,1,2,3,1,1,1,2,2,1,1,1,1,1,1,1,1,1,2555,425.8,16,179,0,1,1,False
106737261,Orynth Consulting,https://www.linkedin.com/company/orynthconsulting/,www.orynthconsulting.com,Business Consulting and Services,18.0,IN,New Delhi,2025.0,1.0,38.3,Foundations,46.8,38.9,20.0,3,1,4,2,2,2,1,1,2,1,2,5,1,1,1,1,1,1,7808,433.8,14,1456,0,1,1,False
90408739,Vocadian,https://www.linkedin.com/company/vocadian/,https://www.vocadian.ai,Wellness and Fitness Services,18.0,US,Boston,2023.0,3.0,37.7,Foundations,50.4,30.2,27.1,4,2,4,2,1,2,1,2,2,1,2,1,1,1,2,2,1,1,2664,148.0,12,1892,0,1,1,False
31564021,PreSkale (Acquired by Storylane),https://www.linkedin.com/company/preskale/,https://www.preskale.com,Software Development,3.0,US,San Mateo,2021.0,5.0,35.9,Foundations,46.1,30.2,26.8,1,2,3,4,2,2,1,2,2,1,2,1,1,2,2,1,1,1,2760,920.0,16,686,0,1,1,False
3546034,Goxee Dealer Software,https://www.linkedin.com/company/goxeedealer/,https://www.goxeedealer.com/,Software Development,12.0,US,Los Angeles,2012.0,14.0,35.8,Foundations,37.1,40.9,22.9,2,1,2,2,3,1,3,2,3,1,2,1,1,1,1,1,1,2,3545,295.4,7,537,0,1,1,False
10472198,Vestigo Ventures,https://www.linkedin.com/company/vestigo-ventures/,http://www.vestigoventures.com/,Venture Capital and Private Equity Principals,16.0,US,Cambridge,2016.0,10.0,28.7,Foundations,33.5,26.9,23.0,3,1,2,1,1,2,1,2,2,1,1,1,1,1,1,1,2,1,3627,226.7,1,732,0,1,1,False
114054102,Shift AI,https://www.linkedin.com/company/shift-ai-events/,http://shiftai.events,Events Services,2.0,GB,London,,,30.5,Foundations,33.3,33.0,20.0,2,2,2,1,1,2,1,2,1,3,2,1,1,1,1,1,1,1,27555,13777.5,0,792,0,1,1,False
18237576,Cali BBQ Media,https://www.linkedin.com/company/calibbqmedia/,https://www.CaliBBQ.media,Media Production,20.0,US,San Diego,2017.0,9.0,35.5,Foundations,51.9,26.9,20.0,2,1,4,4,1,4,1,2,2,1,1,1,1,1,1,1,1,1,3354,167.7,18,1458,0,1,1,False
264664,GM Ryan International,https://www.linkedin.com/company/gm-ryan-international/,http://www.gmryan.com,"Technology, Information and Internet",7.0,us,Bethesda,2005.0,21.0,31.3,Foundations,36.5,30.2,23.0,2,1,2,4,1,1,1,2,2,1,2,1,1,1,1,1,2,1,2618,374.0,17,468,0,1,1,False
30958672,Olik,https://www.linkedin.com/company/olikhq/,https://olik.in/,Information Technology & Services,9.0,US,Lewes,2020.0,6.0,30.0,Foundations,33.0,30.2,23.5,2,1,2,2,1,2,1,2,2,1,2,1,1,1,2,1,1,1,2575,286.1,7,575,0,1,1,False
2151468,Arkra,https://www.linkedin.com/company/arkra/,http://www.arkra.com,Financial Services,6.0,US,Newport Beach,2023.0,3.0,28.0,Foundations,36.2,23.7,20.0,2,1,2,3,1,2,2,1,1,1,1,1,1,1,1,1,1,1,2456,409.3,17,330,0,1,1,False
28651519,ClickCard,https://www.linkedin.com/company/clickcardapp/,https://www.clickcardapp.com,Software Development,5.0,US,Fort Wayne,2018.0,8.0,31.3,Foundations,36.5,30.2,22.9,2,2,2,2,1,2,1,2,2,1,2,1,1,1,1,1,1,2,3685,737.0,10,875,0,1,1,False
16173610,Gather Voices,https://www.linkedin.com/company/gather-voices/,https://gathervoices.co,Events Services,14.0,US,Chicago,2017.0,9.0,30.0,Foundations,36.4,26.9,23.3,2,1,3,2,1,2,1,2,2,1,1,1,1,2,1,1,1,1,2786,199.0,7,1095,0,1,1,False
11843068,revshoppe.com,https://www.linkedin.com/company/revshoppe/,https://www.revshoppe.com/,Business Consulting and Services,11.0,US,Austin,2018.0,8.0,38.2,Foundations,42.8,39.4,26.7,2,1,3,4,1,2,1,2,2,1,2,4,1,1,1,2,2,1,2476,225.1,19,822,0,1,1,False
70405511,Potion,https://www.linkedin.com/company/sendpotion/,https://www.sendpotion.com,"Technology, Information and Media",4.0,US,San Francisco,2020.0,6.0,27.8,Foundations,32.6,26.9,20.0,1,1,2,3,1,2,1,2,2,1,1,1,1,1,1,1,1,1,2562,640.5,17,692,0,1,1,False
98710055,n8 Talent,https://www.linkedin.com/company/n8talent/,http://www.n8talent.co.uk,Staffing and Recruiting,2.0,GB,Cambridge,2023.0,3.0,32.1,Foundations,46.8,23.4,20.0,2,4,3,2,1,2,1,1,1,1,2,1,1,1,1,1,1,1,15551,7775.5,14,911,0,1,1,False
14617731,Polayads,https://www.linkedin.com/company/polayads/,www.polayads.com,Business Consulting and Services,2.0,US,New Rochelle,2018.0,8.0,48.8,Process & Response,67.2,39.7,30.2,4,2,4,4,4,2,1,2,3,2,2,2,1,1,2,2,2,1,3118,1559.0,20,1580,0,1,1,False
74531161,A'sTechware,https://www.linkedin.com/company/astechware/,https://astechware.com/,Software Development,9.0,US,Wyoming,2018.0,8.0,28.5,Foundations,32.6,26.9,23.3,1,1,2,3,1,2,1,2,2,1,1,1,1,2,1,1,1,1,2539,282.1,18,191,0,1,1,False
89319511,FoundersEdge,https://www.linkedin.com/company/foundersedge/,https://www.foundersedge.com,Venture Capital and Private Equity Principals,17.0,US,Boston,,,28.0,Foundations,36.5,23.4,20.0,2,1,2,2,2,2,1,1,1,1,2,1,1,1,1,1,1,1,2577,151.6,10,452,0,1,1,False
43230753,Literal Humans | B Corp,https://www.linkedin.com/company/literalhumans/,https://literalhumans.com/,Marketing Services,12.0,GB,London,2020.0,6.0,39.1,Foundations,52.6,30.2,29.8,3,1,4,4,1,3,1,2,2,1,2,1,2,2,1,1,1,2,6652,554.3,17,1073,0,1,1,False
1058143,CN Sales Recruitment LTD,https://www.linkedin.com/company/cn-sales-recruitment-ltd/,http://www.cnsalesrecruitment.com,Staffing and Recruiting,11.0,GB,Farnham,2010.0,16.0,41.6,Process & Response,43.2,44.1,33.5,2,2,4,2,1,2,1,5,2,1,3,1,2,2,2,1,2,1,12483,1134.8,13,1820,0,1,1,False
65531894,Hunters and Unicorns,https://www.linkedin.com/company/huntersandunicorns/,http://www.huntersandunicorns.com,Staffing and Recruiting,12.0,GB,Hove,2020.0,6.0,36.2,Foundations,42.8,36.3,23.0,2,2,3,2,1,3,1,2,2,3,2,1,1,1,1,1,2,1,11951,995.9,0,1325,0,1,1,False
18102255,Quanta,https://www.linkedin.com/company/quanta-i/,https://quanta-i.com,Staffing and Recruiting,8.0,GB,Chester,2017.0,9.0,37.7,Foundations,45.8,33.6,29.8,2,2,2,4,1,3,1,2,2,1,3,1,1,2,2,1,2,1,13310,1663.8,18,530,0,1,1,False
442244,oseberg,https://www.linkedin.com/company/oseberg/,http://www.oseberg.io,Oil and Gas,14.0,US,Oklahoma City,2009.0,17.0,30.3,Foundations,33.8,30.2,23.5,3,1,2,2,1,1,1,2,2,1,2,1,1,1,2,1,1,1,2944,210.3,5,903,0,1,1,False
16186589,"Mastery Of B2B Sales, LLC",https://www.linkedin.com/company/masteryofb2bsales/,https://masteryofb2bsales.mykajabi.com/2,Business Consulting and Services,2.0,US,Summit,2016.0,10.0,38.0,Foundations,43.2,40.3,22.9,2,2,4,2,1,2,1,4,3,2,1,1,1,1,1,1,1,2,1640,820.0,7,1433,0,1,1,False
18178311,Good AI Capital,https://www.linkedin.com/company/good-ai-capital/,http://www.goodai.capital,Venture Capital and Private Equity Principals,3.0,US,Menlo Park,2017.0,9.0,26.7,Foundations,30.0,26.9,20.0,2,2,1,1,1,2,1,2,2,1,1,1,1,1,1,1,1,1,3174,1058.0,1,329,0,0,1,False
18979775,SupplyHive™,https://www.linkedin.com/company/supplyhive-spm/,https://supplyhive.com/contact/,Software Development,16.0,US,Chicago,2018.0,8.0,30.6,Foundations,32.9,30.2,26.8,1,1,2,4,1,1,1,2,2,1,2,1,1,2,2,1,1,1,2327,145.4,24,761,0,1,1,False
97455748,STA Soft,https://www.linkedin.com/company/sta-soft/,https://stasoft.io/,Software Development,19.0,US,Houston,2020.0,6.0,30.0,Foundations,36.4,26.9,23.3,2,1,3,2,1,2,1,2,2,1,1,1,1,2,1,1,1,1,2435,128.2,12,1393,0,1,1,False
9466804,Xapix,https://www.linkedin.com/company/xapix-io/,http://www.xapix.io,"Technology, Information and Internet",1.0,US,San Francisco,2016.0,10.0,27.4,Foundations,30.0,26.9,23.5,1,2,2,2,1,1,1,2,2,1,1,1,1,1,2,1,1,1,2378,2378.0,14,278,0,1,1,False
101781641,Staffr,https://www.linkedin.com/company/wearestaffr/,https://wearestaffr.com/,Staffing and Recruiting,11.0,GB,London,,,30.6,Foundations,36.7,23.4,32.7,2,2,3,1,1,2,1,1,1,1,2,1,1,2,2,1,2,2,9959,905.4,0,734,0,1,1,False
103531211,Spokyn,https://www.linkedin.com/company/spokynapp/,www.Spokyn.net,Blockchain Services,1.0,US,New York City,2025.0,1.0,27.4,Foundations,36.7,20.0,23.5,2,2,3,1,1,2,1,1,1,1,1,1,1,1,2,1,1,1,667,667.0,1,925,0,1,1,False
379858,ResultsIQ,https://www.linkedin.com/company/resultsiq/,http://www.resultsiq.io,Marketing Services,12.0,US,Tampa,2005.0,21.0,36.5,Foundations,42.9,36.9,22.9,2,1,2,4,2,2,1,2,4,1,2,1,1,1,1,1,1,2,2914,242.8,18,556,0,1,1,False
96142069,New Converts,https://www.linkedin.com/company/new-converts-agency/,https://newconverts.agency/,Marketing Services,3.0,US,New York City,2015.0,11.0,42.6,Process & Response,50.9,40.3,30.5,3,2,4,2,3,1,1,4,3,2,1,1,2,2,2,1,1,1,1557,519.0,3,1100,0,1,1,False
106180365,Lunos,https://www.linkedin.com/company/lunos-ai/,https://www.lunos.ai/?utm_source=linkedin_page&utm_medium=overview-button&utm_campaign=brand,"Technology, Information and Internet",17.0,US,New York City,2024.0,2.0,30.0,Foundations,35.9,27.3,23.5,1,1,3,3,1,2,3,1,1,1,1,1,1,1,2,1,1,1,2174,127.9,20,887,0,1,1,False
80525925,TF Business Solutions,https://www.linkedin.com/company/tfbusinesssolutions/,https://tfbusinesssolutions.com,IT Services and IT Consulting,9.0,US,Austin,2021.0,5.0,42.1,Process & Response,53.2,40.2,23.6,3,2,4,2,2,3,1,3,3,1,2,2,1,1,1,2,1,1,2653,294.8,11,1826,0,1,1,False
18456739,GraphiteRx,https://www.linkedin.com/company/graphiterx/,http://www.GraphiteRx.com,Internet Marketplace Platforms,20.0,US,Nashville,,,35.4,Foundations,49.9,26.9,23.6,3,2,3,4,1,2,1,2,1,1,2,1,2,1,1,1,1,1,2400,120.0,15,1606,0,1,1,False
68735511,LeanSummits,https://www.linkedin.com/company/leansummits/,https://www.leansummits.com/,Business Consulting and Services,17.0,US,Redwood City,2020.0,6.0,38.8,Foundations,50.3,36.6,20.0,3,2,4,2,2,2,1,2,3,1,2,2,1,1,1,1,1,1,1419,83.5,0,845,0,1,1,False
105014908,Cox & Co Advisory,https://www.linkedin.com/company/coxcoadvisory/,https://mailchi.mp/ba72282fe5f9/cc-subscribe,Financial Services,1.0,US,Houston,,,34.3,Foundations,47.1,26.9,23.6,4,2,3,2,1,2,1,2,2,1,1,1,1,1,1,2,1,1,3084,3084.0,0,1068,0,1,1,False
72069108,Visible,https://www.linkedin.com/company/getvisibleio/,http://getvisible.io,Marketing Services,9.0,US,Los Angeles,2021.0,5.0,32.6,Foundations,42.9,26.9,23.3,3,1,3,2,1,3,1,2,2,1,1,1,1,2,1,1,1,1,2664,296.0,0,1492,0,1,1,False
