Benchmark evidence,,,,,,,,,,,,
Purpose: credible numeric evidence to justify the 18 GTM Validator question weights. ,,,,,,,,,,,,
,,,,**Evidence strength for som of these are more subjective with less source support,,,,,,**used ai to determine if weight is interpreted correctly and this is what feedback was given,,
,,,,,,,,,,"**Added this column to explain evidence strength, still looking for more sources currently. ",,
ID,Pillar,Dimension,Current Weight,Evidence Strength,Key Benchmark / Finding,Quote / Evidence Excerpt,Source,Source Type,Links to sources,Weight Interpretation,Proposed Weight,notes
DEM-ICP-01,Demand,ICP Clarity,1.25,Medium,Companies with faster growth drive 40% more revenue from personalization; good ICP is the foundation for segmentation/personalization.,Companies that grow faster drive 40 percent more of their revenue from personalization.,McKinsey — The value of getting personalization right,Consulting / research article,https://www.mckinsey.com/capabilities/growth-marketing-and-sales/our-insights/the-value-of-getting-personalization-right-or-wrong-is-multiplying,"Keep high. Source is credible but indirect: ICP enables segmentation/personalization, not an ICP-specific win-rate study.",1.25,Need one ICP-specific source if possible; current evidence supports segmentation importance.
DEM-FIT-02,Demand,Lead Quality,1.2,High,"Salesforce reports reps only spend 30% of their week selling, so poor-fit leads waste scarce selling capacity.",Reps only spend 30% of their time selling during an average week.,Salesforce — State of Sales 6th Edition,Vendor benchmark report,https://assets.ctfassets.net/f43wltp2j5se/2gHMpCURXzpMW7PJ3SlWZJ/3cad8d7e8496abbd3c0f99d5c7f16ef4/salesforce-state-of-sales-report-6-ed.pdf,Keep high. Lead quality has direct productivity impact because sellers have limited actual selling time.,1.2,"Good support for prioritization/qualification, but pair with CRM data if available."
DEM-MSG-03,Demand,Positioning,1.15,High,"McKinsey finds personalization can reduce CAC by up to 50%, lift revenue 5–15%, and improve marketing ROI 10–30%.","Reduce customer acquisition costs by as much as 50 percent, lift revenues by 5 to 15 percent.",McKinsey — What is personalization?,Consulting / research explainer,https://www.mckinsey.com/featured-insights/mckinsey-explainers/what-is-personalization,Keep or slightly raise. Clear messaging/positioning supports personalized buying journeys and stronger acquisition economics.,1.2,"Strong numeric GTM evidence, though not only positioning."
DEM-CHN-04,Demand,Channel Strategy,1.1,Medium,CMI/B2B benchmark takeaway reports 56% struggle with ROI attribution/tracking journeys and top performers link success to audience understanding.,56% of B2B marketers struggle to attribute ROI / track customer journeys.,Content Marketing Institute / MX Group — B2B Benchmarks Takeaway,Industry benchmark report,https://www.themxgroup.com/wp-content/uploads/2024/10/B2B25_MX_Takeaway-REV.pdf,Raise slightly. Channel strategy matters when teams can connect channels to pipeline and customer journeys.,1.15,Good for channel measurement; find source on channel ROI by mix if time.
DEM-ATT-05,Demand,Attribution,1.2,High,"CMI/B2B benchmark says 56% struggle to attribute ROI or track customer journeys, making attribution a measurable GTM gap.",56% struggle to attribute ROI / track customer journeys.,Content Marketing Institute / MX Group — B2B Benchmarks Takeaway,Industry benchmark report,https://www.themxgroup.com/wp-content/uploads/2024/10/B2B25_MX_Takeaway-REV.pdf,"Keep high. Attribution directly affects budget allocation, pipeline forecasting, and knowing which channels work.",1.2,Credible benchmark; would be stronger with pipeline-attribution study.
DEM-CNT-06,Demand,Execution Cadence / Content Cadence,1,Medium,"Only 22% of B2B marketers rate content marketing as extremely/very successful; success is tied to audience understanding, quality, and aligned goals.",Only 22% of B2B marketers rate content marketing as extremely/very successful.,Content Marketing Institute / MX Group — B2B Benchmarks Takeaway,Industry benchmark report,https://www.themxgroup.com/wp-content/uploads/2024/10/B2B25_MX_Takeaway-REV.pdf,"Keep at 1.00 unless cadence is pipeline-tied. Cadence alone matters less than quality, goals, and attribution.",1,"Evidence supports execution discipline, not volume for its own sake."
CON-SLA-01,Conversion,Speed to Lead,1.2,Very High,HBR/MIT research found firms contacting leads within an hour were nearly 7x more likely to qualify than firms waiting longer.,Firms that contacted potential customers within an hour were nearly seven times as likely to qualify the lead.,Harvard Business Review — The Short Life of Online Sales Leads,Peer-reviewed-style business research article,https://hbr.org/2011/03/the-short-life-of-online-sales-leads,Raise. This is one of the strongest direct conversion findings; speed-to-lead should be heavily weighted.,1.3,Very strong numeric evidence; source is older but widely cited and directly relevant.
CON-QLF-02,Conversion,Qualification,1.15,High,Salesforce reports reps only spend 30% of their week selling; qualification protects limited seller time by filtering poor-fit opportunities.,Reps only spend 30% of their time selling during an average week.,Salesforce — State of Sales 6th Edition,Vendor benchmark report,https://assets.ctfassets.net/f43wltp2j5se/2gHMpCURXzpMW7PJ3SlWZJ/3cad8d7e8496abbd3c0f99d5c7f16ef4/salesforce-state-of-sales-report-6-ed.pdf,Keep high or raise slightly. Structured qualification affects efficiency and forecast quality.,1.2,Could use win-rate-by-qualification source if found.
CON-STG-03,Conversion,Pipeline Integrity,1.1,Medium,Salesforce emphasizes forecasting accuracy and pipeline visibility as key sales operations needs; poor CRM hygiene damages forecast reliability.,Sales reps spend almost one full day of their workweek on prospecting.,Salesforce — State of Sales Report 2026,Vendor benchmark report,https://www.salesforce.com/en-us/wp-content/uploads/sites/4/documents/reports/sales/salesforce-state-of-sales-report-2026.pdf,"Keep medium-high. Pipeline integrity is operationally important, but source is less directly numeric than SLA/CRO.",1.1,Need internal CRM/session data to validate.
CON-OBJ-04,Conversion,Objection Handling,1,Medium,Forrester/SiriusDecisions highlights buyer/customer experience as a major decision driver; objection handling is part of consistent buying experience.,Customer experience can make or break your success.,Forrester / SiriusDecisions — Customer experience success,Research / analyst article,https://www.forrester.com/blogs/siriusdecisionssummit2016highlightswhycustomerexperiencecanmakeorbreakyoursuccess/,Keep at 1.00. Important but evidence is less direct and more qualitative than lead speed or win/loss analysis.,1,"Use as supporting evidence, not a main weight driver."
CON-WNL-05,Conversion,Win/Loss Analysis,1.1,High,Gartner-referenced summary says rigorous win/loss programs have seen 15–30% revenue increases and up to 50% win-rate improvement.,15% to 30% increase in revenue and up to 50% improvement in win rates.,Clozd summary of Gartner win/loss research,Analyst research summary,https://www.clozd.com/blog/gartner-report-benefits-of-win-loss-analysis,Raise. This is strong conversion-learning evidence if accepted as a Gartner-derived source.,1.2,"Secondary source summarizing Gartner; good, but original Gartner may be paywalled."
CON-PGE-06,Conversion,CRO / Page Testing,1, High,Baymard benchmark says average large ecommerce site can gain 35.26% conversion-rate improvement through better checkout design.,The average large-sized ecommerce site can gain a 35.26% increase in conversion rate.,Baymard Institute — Cart & checkout abandonment statistics,UX benchmark research,https://baymard.com/lists/cart-abandonment-rate,Raise. Direct conversion lift evidence; CRO testing should not be weighted as low as 1.00 for digital funnels.,1.2,Strong for ecommerce/digital; weight may vary by business type.
DEL-TTV-01,Delivery,Time to Value,1.2,Very High,Amplitude benchmark: top products retain 18.5% of users at 3 months vs 3.8% median; gap starts with faster value delivery.,Top products retain 18.5% of users while median products retain just 3.8%.,Amplitude — Time to Value Drives User Retention,Product benchmark / analytics article,https://amplitude.com/blog/time-to-value-drives-user-retention,Keep high or raise. Time-to-value is directly tied to retention and customer activation.,1.25,Very good numeric retention evidence.
DEL-ONB-02,Delivery,Onboarding,1.1,High,OnRamp report says 48% abandon onboarding if they do not see value quickly; 65% using digital onboarding reduced TTV by at least 25%.,48% of customers abandon onboarding if they do not see value quickly.,OnRamp — Customer onboarding report,Industry report press release,https://www.prnewswire.com/news-releases/onramp-releases-industry-report-revealing-customer-onboarding-as-the-new-battleground-for-saas-retention-and-revenue-302448569.html,Raise slightly. Onboarding is the mechanism that delivers early value and reduces early churn risk.,1.15,Good source; verify full report if available.
DEL-HLT-03,Delivery,Customer Health,1.15,Medium,"Gainsight defines health scores as combined usage, engagement, support, and satisfaction signals to detect renewal risk early.",Customer health scores help teams identify risk before renewal.,Gainsight — Customer Health Scores,Vendor best-practice article,https://www.gainsight.com/blog/customer-health-scores/,"Keep high but mark evidence as operational, not causal. Health scoring enables proactive risk detection.",1.15,Needs stronger numeric validation; source is credible in CS but vendor-based.
DEL-RET-04,Delivery,Retention,1.1,Very High,Gainsight churn benchmark: mid-market SaaS commonly sees 5–8% annual churn; early-stage startups may see 10–15%.,Mid-market SaaS companies often report annual churn rates of 5–8%.,Gainsight — Essential Guide to Churn,Customer success benchmark guide,https://www.gainsight.com/essential-guide/churn/,"Raise. Retention is directly tied to revenue durability, expansion, and customer success health.",1.25,Very important category outcome; also use company-specific churn if available.
DEL-QBR-05,Delivery,QBR / Account Expansion,1.05,Medium,"Gainsight frames QBRs as quarterly strategic meetings focused on ROI, alignment, retention, and expansion, but numeric lift evidence is weaker.","QBRs are strategic meetings focused on ROI, alignment, retention, and expansion.",Gainsight — Quarterly Business Reviews Guide,Vendor best-practice guide,https://www.gainsight.com/essential-guide/quarterly-business-reviews-qbrs/,Keep or slightly raise only if enterprise/high-touch. QBR impact depends on customer segment and ACV.,1.05,Weak numeric evidence; good qualitative support.
DEL-ADV-06,Delivery,Customer Advocacy,1,High,Nielsen global survey: 92% trust recommendations from friends/family above all other advertising forms; advocacy supports referral-led demand.,92 percent of consumers around the world say they trust earned media.,Nielsen — Consumer Trust in Advertising,Global consumer survey,https://www.nielsen.com/insights/2012/consumer-trust-in-online-social-and-mobile-advertising-grows/,Keep at 1.00 or 1.05. Advocacy is valuable but usually downstream after retention and onboarding are working.,1.05,Good trust statistic; B2B-specific referral evidence would improve this row.
,,,,,,,,,**harvard hbr is under paywall to access,,,
,,,,,,,,,**some sources are old and have stats but sometimes do not include any other info that validate their findings/credibility,,,